{"cameraMode":{"drawMode":0,"name":"Shaded","section":"Shading Mode"},"sceneLighting":false,"audioPlay":false,"sceneViewState":{"showFog":true,"showMaterialUpdate":false,"showSkybox":true,"showFlares":true,"showImageEffects":true,"showParticleSystems":true},"in2DMode":false,"pivot":{"x":7.702097415924072,"y":1.1652297973632813,"z":3.7823281288146974},"rotation":{"x":0.10971273481845856,"y":-0.6739059090614319,"z":0.7234875559806824,"w":0.10269978642463684},"size":6.176631450653076,"orthographic":false}