{"cameraMode":{"drawMode":0,"name":"Shaded","section":"Shading Mode"},"sceneLighting":false,"audioPlay":false,"sceneViewState":{"showFog":true,"showMaterialUpdate":false,"showSkybox":true,"showFlares":true,"showImageEffects":true,"showParticleSystems":true},"in2DMode":false,"pivot":{"x":-0.34903526306152346,"y":1.0378055572509766,"z":2.500983238220215},"rotation":{"x":-0.15972866117954255,"y":-0.034361883997917178,"z":0.005385798867791891,"w":-0.986619770526886},"size":6.277860164642334,"orthographic":false}