{"cameraMode":{"drawMode":0,"name":"Shaded","section":"Shading Mode"},"sceneLighting":false,"audioPlay":false,"sceneViewState":{"showFog":true,"showMaterialUpdate":false,"showSkybox":false,"showFlares":true,"showImageEffects":true,"showParticleSystems":true},"in2DMode":false,"pivot":{"x":-15.565372467041016,"y":5.082752227783203,"z":35.394866943359378},"rotation":{"x":-0.3830804228782654,"y":-0.3207251727581024,"z":0.1437120884656906,"w":-0.8543115854263306},"size":7.910703659057617,"orthographic":false}