{"cameraMode":{"drawMode":0,"name":"Shaded","section":"Shading Mode"},"sceneLighting":false,"audioPlay":false,"sceneViewState":{"showFog":true,"showMaterialUpdate":false,"showSkybox":true,"showFlares":true,"showImageEffects":true,"showParticleSystems":true},"in2DMode":false,"pivot":{"x":30.312301635742189,"y":9.952221870422364,"z":-7.436602592468262},"rotation":{"x":-0.021017443388700486,"y":-0.7943139672279358,"z":0.027347713708877565,"w":-0.6065976023674011},"size":32.28586959838867,"orthographic":false}