{"cameraMode":{"drawMode":0,"name":"Shaded","section":"Shading Mode"},"sceneLighting":false,"audioPlay":false,"sceneViewState":{"showFog":true,"showMaterialUpdate":false,"showSkybox":true,"showFlares":true,"showImageEffects":true,"showParticleSystems":true},"in2DMode":false,"pivot":{"x":20.66452407836914,"y":3.252654790878296,"z":-8.589244842529297},"rotation":{"x":0.1739824265241623,"y":-0.3110279440879822,"z":0.05822261795401573,"w":0.9326128363609314},"size":1.6605188846588135,"orthographic":false}