{"cameraMode":{"drawMode":0,"name":"Shaded","section":"Shading Mode"},"sceneLighting":false,"audioPlay":false,"sceneViewState":{"showFog":true,"showMaterialUpdate":false,"showSkybox":true,"showFlares":true,"showImageEffects":true,"showParticleSystems":true},"in2DMode":false,"pivot":{"x":-1.7951083183288575,"y":1.9129619598388672,"z":-2.149993896484375},"rotation":{"x":-0.09494304656982422,"y":0.8165444731712341,"z":-0.5518333911895752,"w":-0.14048926532268525},"size":66.77059936523438,"orthographic":false}