{"cameraMode":{"drawMode":0,"name":"Shaded","section":"Shading Mode"},"sceneLighting":false,"audioPlay":false,"sceneViewState":{"showFog":true,"showMaterialUpdate":false,"showSkybox":true,"showFlares":true,"showImageEffects":true,"showParticleSystems":true},"in2DMode":false,"pivot":{"x":11.678215026855469,"y":15.061309814453125,"z":52.44770050048828},"rotation":{"x":-0.33496394753456118,"y":-0.6620917916297913,"z":0.4327255189418793,"w":-0.512174129486084},"size":161.4551544189453,"orthographic":false}