{"cameraMode":{"drawMode":0,"name":"Shaded","section":"Shading Mode"},"sceneLighting":false,"audioPlay":false,"sceneViewState":{"showFog":true,"showMaterialUpdate":false,"showSkybox":true,"showFlares":true,"showImageEffects":true,"showParticleSystems":true},"in2DMode":false,"pivot":{"x":7.120314598083496,"y":-6.80368709564209,"z":-16.275924682617189},"rotation":{"x":0.038160111755132678,"y":0.9560462832450867,"z":-0.25259092450141909,"w":0.14422205090522767},"size":16.874069213867189,"orthographic":false}