{"cameraMode":{"drawMode":0,"name":"Shaded","section":"Shading Mode"},"sceneLighting":false,"audioPlay":false,"sceneViewState":{"showFog":true,"showMaterialUpdate":false,"showSkybox":true,"showFlares":true,"showImageEffects":true,"showParticleSystems":true},"in2DMode":false,"pivot":{"x":-9.07197380065918,"y":7.028435707092285,"z":-4.7847137451171879},"rotation":{"x":0.02008303441107273,"y":-0.8738257884979248,"z":0.03723263740539551,"w":0.4845983386039734},"size":10.123224258422852,"orthographic":false}