{"cameraMode":{"drawMode":0,"name":"Shaded","section":"Shading Mode"},"sceneLighting":false,"audioPlay":false,"sceneViewState":{"showFog":true,"showMaterialUpdate":false,"showSkybox":true,"showFlares":true,"showImageEffects":true,"showParticleSystems":true},"in2DMode":false,"pivot":{"x":-4.188667297363281,"y":2.4328484535217287,"z":6.2559814453125},"rotation":{"x":-0.2833525538444519,"y":0.5193645358085632,"z":-0.18776389956474305,"w":-0.7841095328330994},"size":10.951791763305664,"orthographic":false}