{"cameraMode":{"drawMode":0,"name":"Shaded","section":"Shading Mode"},"sceneLighting":false,"audioPlay":false,"sceneViewState":{"showFog":true,"showMaterialUpdate":false,"showSkybox":true,"showFlares":true,"showImageEffects":true,"showParticleSystems":true},"in2DMode":false,"pivot":{"x":-0.3494749069213867,"y":5.702367782592773,"z":-9.813122749328614},"rotation":{"x":0.14755520224571229,"y":-0.8484265208244324,"z":0.3140304684638977,"w":0.3999282717704773},"size":10.396695137023926,"orthographic":false}