{"cameraMode":{"drawMode":0,"name":"Shaded","section":"Shading Mode"},"sceneLighting":false,"audioPlay":false,"sceneViewState":{"showFog":true,"showMaterialUpdate":false,"showSkybox":true,"showFlares":true,"showImageEffects":true,"showParticleSystems":true},"in2DMode":false,"pivot":{"x":3.980417251586914,"y":-0.8387932777404785,"z":4.321351051330566},"rotation":{"x":0.09841636568307877,"y":-0.5491328239440918,"z":0.06551467627286911,"w":0.827430009841919},"size":6.881240367889404,"orthographic":false}