{"cameraMode":{"drawMode":0,"name":"Shaded","section":"Shading Mode"},"sceneLighting":false,"audioPlay":false,"sceneViewState":{"showFog":true,"showMaterialUpdate":false,"showSkybox":true,"showFlares":true,"showImageEffects":true,"showParticleSystems":true},"in2DMode":false,"pivot":{"x":12.642237663269043,"y":-6.043317794799805,"z":-16.427526473999025},"rotation":{"x":0.15261773765087129,"y":-0.8433725237846375,"z":0.3175194561481476,"w":0.4058835804462433},"size":9.884537696838379,"orthographic":false}