{"cameraMode":{"drawMode":0,"name":"Shaded","section":"Shading Mode"},"sceneLighting":false,"audioPlay":false,"sceneViewState":{"showFog":true,"showMaterialUpdate":false,"showSkybox":true,"showFlares":true,"showImageEffects":true,"showParticleSystems":true},"in2DMode":false,"pivot":{"x":7.296940803527832,"y":3.7772634029388429,"z":4.73466682434082},"rotation":{"x":-0.16529932618141175,"y":-0.7528630495071411,"z":0.20604324340820313,"w":-0.602958619594574},"size":9.281518936157227,"orthographic":false}