{"cameraMode":{"drawMode":0,"name":"Shaded","section":"Shading Mode"},"sceneLighting":false,"audioPlay":false,"sceneViewState":{"showFog":true,"showMaterialUpdate":false,"showSkybox":true,"showFlares":true,"showImageEffects":true,"showParticleSystems":true},"in2DMode":false,"pivot":{"x":-4.347991943359375,"y":-2.004180908203125,"z":0.33270978927612307},"rotation":{"x":0.4263591468334198,"y":-0.2769206464290619,"z":0.1389293521642685,"w":0.8498427867889404},"size":4.347594738006592,"orthographic":false}