{"cameraMode":{"drawMode":0,"name":"Shaded","section":"Shading Mode"},"sceneLighting":false,"audioPlay":false,"sceneViewState":{"showFog":true,"showMaterialUpdate":false,"showSkybox":true,"showFlares":true,"showImageEffects":true,"showParticleSystems":true},"in2DMode":false,"pivot":{"x":-4.014503479003906,"y":7.540616512298584,"z":10.231451988220215},"rotation":{"x":0.3717731237411499,"y":-0.42670583724975588,"z":0.1984882801771164,"w":0.8002967834472656},"size":9.212780952453614,"orthographic":false}