{"cameraMode":{"drawMode":0,"name":"Shaded","section":"Shading Mode"},"sceneLighting":false,"audioPlay":false,"sceneViewState":{"showFog":true,"showMaterialUpdate":false,"showSkybox":true,"showFlares":true,"showImageEffects":true,"showParticleSystems":true},"in2DMode":false,"pivot":{"x":2.5590124130249025,"y":2.4830470085144045,"z":1.5678856372833253},"rotation":{"x":0.39541327953338625,"y":-0.2983587086200714,"z":0.13772252202033997,"w":0.8577824831008911},"size":1.7546989917755128,"orthographic":false}