{"cameraMode":{"drawMode":0,"name":"Shaded","section":"Shading Mode"},"sceneLighting":false,"audioPlay":false,"sceneViewState":{"showFog":true,"showMaterialUpdate":false,"showSkybox":true,"showFlares":true,"showImageEffects":true,"showParticleSystems":true},"in2DMode":false,"pivot":{"x":12.642237663269043,"y":-6.043317794799805,"z":-16.427526473999025},"rotation":{"x":-0.10839619487524033,"y":-0.8918268084526062,"z":0.31290489435195925,"w":-0.3084199130535126},"size":23.980419158935548,"orthographic":false}