{"cameraMode":{"drawMode":0,"name":"Shaded","section":"Shading Mode"},"sceneLighting":false,"audioPlay":false,"sceneViewState":{"showFog":true,"showMaterialUpdate":false,"showSkybox":true,"showFlares":true,"showImageEffects":true,"showParticleSystems":true},"in2DMode":false,"pivot":{"x":14.759469032287598,"y":-6.184903144836426,"z":-15.599808692932129},"rotation":{"x":0.1031528115272522,"y":0.8940402865409851,"z":-0.2680555284023285,"w":0.34391775727272036},"size":19.203845977783204,"orthographic":false}