{"cameraMode":{"drawMode":0,"name":"Shaded","section":"Shading Mode"},"sceneLighting":false,"audioPlay":false,"sceneViewState":{"showFog":true,"showMaterialUpdate":false,"showSkybox":true,"showFlares":true,"showImageEffects":true,"showParticleSystems":true},"in2DMode":false,"pivot":{"x":9.990386009216309,"y":2.6226820945739748,"z":5.789161682128906},"rotation":{"x":-0.1626567393541336,"y":-0.6134347319602966,"z":0.130879744887352,"w":-0.7617260217666626},"size":2.7141952514648439,"orthographic":false}