{"cameraMode":{"drawMode":0,"name":"Shaded","section":"Shading Mode"},"sceneLighting":false,"audioPlay":false,"sceneViewState":{"showFog":true,"showMaterialUpdate":false,"showSkybox":true,"showFlares":true,"showImageEffects":true,"showParticleSystems":true},"in2DMode":false,"pivot":{"x":3.7812719345092775,"y":5.3782148361206059,"z":11.390419960021973},"rotation":{"x":-0.47020113468170168,"y":0.24387042224407197,"z":-0.1370917409658432,"w":-0.8370999693870544},"size":173.83367919921876,"orthographic":false}