{"cameraMode":{"drawMode":0,"name":"Shaded","section":"Shading Mode"},"sceneLighting":false,"audioPlay":false,"sceneViewState":{"showFog":true,"showMaterialUpdate":false,"showSkybox":true,"showFlares":true,"showImageEffects":true,"showParticleSystems":true},"in2DMode":false,"pivot":{"x":-20.383277893066408,"y":43.61060333251953,"z":38.52479553222656},"rotation":{"x":0.2549059987068176,"y":0.5729699730873108,"z":-0.19357621669769288,"w":0.7544941902160645},"size":118.71126556396485,"orthographic":false}