{"cameraMode":{"drawMode":0,"name":"Shaded","section":"Shading Mode"},"sceneLighting":false,"audioPlay":false,"sceneViewState":{"showFog":true,"showMaterialUpdate":false,"showSkybox":true,"showFlares":true,"showImageEffects":true,"showParticleSystems":true},"in2DMode":false,"pivot":{"x":23.109365463256837,"y":-5.626652717590332,"z":18.965009689331056},"rotation":{"x":-0.15226832032203675,"y":-0.407986581325531,"z":0.06910429149866104,"w":-0.8976041078567505},"size":14.811187744140625,"orthographic":false}