{"cameraMode":{"drawMode":0,"name":"Shaded","section":"Shading Mode"},"sceneLighting":false,"audioPlay":false,"sceneViewState":{"showFog":true,"showMaterialUpdate":false,"showSkybox":true,"showFlares":true,"showImageEffects":true,"showParticleSystems":true},"in2DMode":false,"pivot":{"x":-0.7900700569152832,"y":1.97714102268219,"z":5.026668548583984},"rotation":{"x":-0.3186952769756317,"y":0.5619892477989197,"z":-0.24821385741233827,"w":-0.7218707799911499},"size":11.033646583557129,"orthographic":false}